{
  "target_nm": 50.0,
  "total_spin_time": 0.5,
  "spin_dt": 0.005,
  "n_epochs": 30,
  "seed_sweep": true,
  "seed_start": 42,
  "seed_end": 51,
  "n_seeds": 10,
  "initial_condition_perturbation": {
    "h0_nominal_um": 12.0,
    "h0_perturbation_frac": 0.08,
    "c0_nominal": 0.9,
    "c0_perturbation_frac": 0.05,
    "omega_nominal_rpm": 1500.0,
    "omega_perturbation_frac": 0.1
  },
  "aggregated": {
    "joint": {
      "final_loss": {
        "values": [
          4959.15234375,
          2496.47509765625,
          3530.761962890625,
          1058.2469482421875,
          4006.5244140625,
          1534.6783447265625,
          3628.242919921875,
          1704.2813720703125,
          4023.87646484375,
          5418.2529296875
        ],
        "mean": 3236.049279785156,
        "std": 1480.121650766472
      },
      "final_developed_nm": {
        "values": [
          3571.062279661419,
          2548.2368073426187,
          3021.0105705918977,
          1676.5354757808382,
          3214.8554964805953,
          2008.7484244868392,
          3061.744791921228,
          2114.1470369911985,
          3221.7014904745156,
          3730.4389479686506
        ],
        "mean": 2816.84813216998,
        "std": 694.9611422273408
      },
      "opt_dose_mj": {
        "values": [
          108.94212341308594,
          110.15042114257812,
          109.31285858154297,
          111.11617279052734,
          108.98681640625,
          111.1399917602539,
          109.12969970703125,
          111.07249450683594,
          108.98440551757812,
          108.91122436523438
        ],
        "mean": 109.7746208190918,
        "std": 0.9889630079302726
      },
      "wall_time_s": {
        "values": [
          6.767421899014153,
          4.779798584990203,
          3.9473007089691237,
          3.647940014023334,
          3.537152503966354,
          3.571246605948545,
          3.662936080014333,
          3.6402185820043087,
          3.5535499580437317,
          3.546945916954428
        ],
        "mean": 4.065451085392851,
        "std": 1.0217785408035245
      },
      "process_window_width_mj": {
        "values": [
          20.698997497558594,
          7.710533142089844,
          13.117546081542969,
          2.222320556640625,
          17.437896728515625,
          2.2227935791015625,
          15.278167724609375,
          2.2214508056640625,
          17.4375,
          20.693130493164062
        ],
        "mean": 11.904033660888672,
        "std": 7.655787431533499
      }
    },
    "decoupled": {
      "final_loss": {
        "values": [
          5415.3818359375,
          2933.03515625,
          3941.820556640625,
          1819.2947998046875,
          4403.9921875,
          2121.33251953125,
          4024.538818359375,
          2300.63818359375,
          4424.35791015625,
          5890.81591796875
        ],
        "mean": 3727.520788574219,
        "std": 1394.211403085815
      },
      "final_developed_nm": {
        "values": [
          3722.1120692265686,
          2749.0102638694225,
          3181.5523016121006,
          2161.2513592117466,
          3360.9865113248816,
          2339.1648937831633,
          3214.6790545084514,
          2435.1925276278052,
          3368.643092471757,
          3880.240456055617
        ],
        "mean": 3041.2832529691514,
        "std": 591.2969742125822
      },
      "opt_dose_mj": {
        "values": [
          94.85015869140625,
          94.96614074707031,
          94.8815689086914,
          95.16570281982422,
          94.85266876220703,
          95.11760711669922,
          94.86509704589844,
          95.09736633300781,
          94.85261535644531,
          94.8475341796875
        ],
        "mean": 94.94964599609375,
        "std": 0.1281977441465219
      },
      "wall_time_s": {
        "values": [
          3.394370427937247,
          2.9039218109101057,
          2.286829341086559,
          2.2822183800162748,
          2.4069959790213034,
          2.364224124001339,
          2.282012904062867,
          2.4245121700223535,
          2.2837091230321676,
          2.3369177990825847
        ],
        "mean": 2.49657120591728,
        "std": 0.36658839465174525
      },
      "process_window_width_mj": {
        "values": [
          18.021530151367188,
          11.39593505859375,
          15.181060791015625,
          3.8066253662109375,
          18.022010803222656,
          5.707054138183594,
          16.12706756591797,
          6.6568145751953125,
          18.021995544433594,
          18.969512939453125
        ],
        "mean": 13.190960693359376,
        "std": 5.830732959390529
      }
    }
  },
  "wilcoxon_tests": [
    {
      "test": "Wilcoxon signed-rank",
      "metric": "final_loss",
      "statistic": 0.0,
      "p_value": 0.001953125,
      "significant_at_005": true
    },
    {
      "test": "Wilcoxon signed-rank",
      "metric": "final_developed_nm",
      "statistic": 0.0,
      "p_value": 0.001953125,
      "significant_at_005": true
    },
    {
      "test": "Wilcoxon signed-rank",
      "metric": "opt_dose_mj",
      "statistic": 0.0,
      "p_value": 0.001953125,
      "significant_at_005": true
    },
    {
      "test": "Wilcoxon signed-rank",
      "metric": "wall_time_s",
      "statistic": 0.0,
      "p_value": 0.001953125,
      "significant_at_005": true
    },
    {
      "test": "Wilcoxon signed-rank",
      "metric": "process_window_width_mj",
      "statistic": 12.0,
      "p_value": 0.130859375,
      "significant_at_005": false
    }
  ],
  "per_seed": [
    {
      "seed": 42,
      "initial_conditions": {
        "h0_um": 12.733956985473634,
        "c0": 0.9373503559827804,
        "init_omega_rpm": 1464.859127998352
      },
      "joint": {
        "final_developed_nm": 3571.062279661419,
        "opt_dose_mj": 108.94212341308594,
        "final_loss": 4959.15234375,
        "wall_time_s": 6.767421899014153,
        "process_window_width_mj": 20.698997497558594,
        "process_window_low_mj": 99.13733673095703,
        "process_window_high_mj": 119.83633422851562
      },
      "decoupled": {
        "final_developed_nm": 3722.1120692265686,
        "opt_dose_mj": 94.85015869140625,
        "final_loss": 5415.3818359375,
        "wall_time_s": 3.394370427937247,
        "process_window_width_mj": 18.021530151367188,
        "process_window_low_mj": 86.31364440917969,
        "process_window_high_mj": 104.33517456054688
      }
    },
    {
      "seed": 43,
      "initial_conditions": {
        "h0_um": 11.911619110107422,
        "c0": 0.872684211730957,
        "init_omega_rpm": 1626.310712099075
      },
      "joint": {
        "final_developed_nm": 2548.2368073426187,
        "opt_dose_mj": 110.15042114257812,
        "final_loss": 2496.47509765625,
        "wall_time_s": 4.779798584990203,
        "process_window_width_mj": 7.710533142089844,
        "process_window_low_mj": 105.74440002441406,
        "process_window_high_mj": 113.4549331665039
      },
      "decoupled": {
        "final_developed_nm": 2749.0102638694225,
        "opt_dose_mj": 94.96614074707031,
        "final_loss": 2933.03515625,
        "wall_time_s": 2.9039218109101057,
        "process_window_width_mj": 11.39593505859375,
        "process_window_low_mj": 89.26817321777344,
        "process_window_high_mj": 100.66410827636719
      }
    },
    {
      "seed": 44,
      "initial_conditions": {
        "h0_um": 12.421613616943361,
        "c0": 0.920760914683342,
        "init_omega_rpm": 1598.341101408005
      },
      "joint": {
        "final_developed_nm": 3021.0105705918977,
        "opt_dose_mj": 109.31285858154297,
        "final_loss": 3530.761962890625,
        "wall_time_s": 3.9473007089691237,
        "process_window_width_mj": 13.117546081542969,
        "process_window_low_mj": 102.75408935546875,
        "process_window_high_mj": 115.87163543701172
      },